{
    "cross_validation": {
        "fold": 3.0,
        "rf_accuracy": 0.7043120810494145,
        "rf_precision": 0.7509007920690738,
        "rf_recall": 0.8208168956212155,
        "rf_f1": 0.784296169385676,
        "rf_roc_auc": 0.6845943939612967,
        "gb_accuracy": 0.7143958034485998,
        "gb_precision": 0.7190574299652595,
        "gb_recall": 0.9265484512985174,
        "gb_f1": 0.8094380534346625,
        "gb_roc_auc": 0.6913529005917403
    },
    "final_model": {
        "random_forest": {
            "accuracy": 0.7096898108134063,
            "precision": 0.7584399673291587,
            "recall": 0.8169354838709677,
            "f1_score": 0.7866017224339968,
            "roc_auc": 0.7026526050980524
        },
        "gradient_boosting": {
            "accuracy": 0.7201574954383944,
            "precision": 0.7302522989860882,
            "recall": 0.9082111436950147,
            "f1_score": 0.8095673768134884,
            "roc_auc": 0.7021435507540322
        }
    }
}