{
    "cross_validation": {
        "fold": 3.0,
        "rf_accuracy": 0.999951980792317,
        "rf_precision": 1.0,
        "rf_recall": 0.9999268471104609,
        "rf_f1": 0.9999634168648253,
        "rf_roc_auc": 0.9999999488798815,
        "gb_accuracy": 0.999903973111088,
        "gb_precision": 0.9999266055045872,
        "gb_recall": 0.9999268471104609,
        "gb_f1": 0.9999267128824432,
        "gb_roc_auc": 0.9999306518723994
    },
    "final_model": {
        "random_forest": {
            "accuracy": 1.0,
            "precision": 1.0,
            "recall": 1.0,
            "f1_score": 1.0,
            "roc_auc": 1.0
        },
        "gradient_boosting": {
            "accuracy": 1.0,
            "precision": 1.0,
            "recall": 1.0,
            "f1_score": 1.0,
            "roc_auc": 1.0
        }
    }
}